Employee Key,WWI Employee ID,Employee,Preferred Name,Is Salesperson,Photo,Lineage Key
0,0,Unknown,N/A,0,0x4E554C4C,0
1,2,Kayla Woodcock,Kayla,1,0x4E554C4C,3
2,3,Hudson Onslow,Hudson,1,0x4E554C4C,3
3,4,Isabella Rupp,Isabella,0,0x4E554C4C,3
4,5,Eva Muirden,Eva,0,0x4E554C4C,3
5,6,Sophia Hinton,Sophia,1,0x4E554C4C,3
6,7,Amy Trefl,Amy,1,0x4E554C4C,3
7,8,Anthony Grosse,Anthony,1,0x4E554C4C,3
8,9,Alica Fatnowna,Alica,0,0x4E554C4C,3
9,10,Stella Rosenhain,Stella,0,0x4E554C4C,3
10,11,Ethan Onslow,Ethan,0,0x4E554C4C,3
11,12,Henry Forlonge,Henry,0,0x4E554C4C,3
12,13,Hudson Hollinworth,Hudson,1,0x4E554C4C,3
13,14,Lily Code,Lily,1,0x4E554C4C,3
14,15,Taj Shand,Taj,1,0x4E554C4C,3
15,16,Archer Lamble,Archer,1,0x4E554C4C,3
16,17,Piper Koch,Piper,0,0x4E554C4C,3
17,18,Katie Darwin,Katie,0,0x4E554C4C,3
18,19,Jai Shand,Jai,0,0x4E554C4C,3
19,20,Jack Potter,Jack,1,0x4E554C4C,3
