Supplier Key,WWI Supplier ID,Supplier,Category,Primary Contact,Supplier Reference,Payment Days,Postal Code,Lineage Key
0,0,Unknown,N/A,N/A,N/A,0,N/A,0
1,1,A Datum Corporation,Novelty Goods Supplier,Reio Kabin,AA20384,14,46077,6
2,2,"Contoso, Ltd.",Novelty Goods Supplier,Hanna Mihhailov,B2084020,7,98253,6
3,3,Consolidated Messenger,Courier,Kerstin Parn,209340283,30,94101,6
4,4,"Fabrikam, Inc.",Clothing Supplier,Bill Lawson,293092,30,40351,6
5,5,Graphic Design Institute,Novelty Goods Supplier,Penny Buck,8803922,14,64847,6
6,6,Humongous Insurance,Insurance Services Supplier,Madelaine  Cartier,82420938,14,37770,6
7,7,"Litware, Inc.",Packaging Supplier,Elias Myllari,BC0280982,30,95245,6
8,8,Lucerne Publishing,Novelty Goods Supplier,Prem Prabhu,JQ082304802,30,37659,6
9,9,Nod Publishers,Novelty Goods Supplier,Marcos Costa,GL08029802,7,27906,6
10,10,Northwind Electric Cars,Toy Supplier,Eliza Soderberg,ML0300202,30,7860,6
11,11,Trey Research,Marketing Services Supplier,Donald Jones,82304822,7,57543,6
12,12,The Phone Company,Novelty Goods Supplier,Hai Dam,237408032,30,56732,6
13,13,Woodgrove Bank,Financial Services Supplier,Hubert Helms,28034202,7,94101,6
