Stock Item Key,WWI Stock Item ID,Stock Item,Color,Selling Package,Buying Package,Brand,Size,Lead Time Days,Quantity Per Outer,Is Chiller Stock,Barcode,Tax Rate,Unit Price,Recommended Retail Price,Typical Weight Per Unit,Lineage Key
0,0,Unknown,N/A,N/A,N/A,N/A,N/A,0,0,0,N/A,0.000,0.00,0.00,0.000,0
1,1,USB missile launcher (Green),N/A,Each,Each,N/A,N/A,14,1,0,N/A,14.000,25.00,37.38,0.300,5
2,2,USB rocket launcher (Gray),Gray,Each,Each,N/A,N/A,14,1,0,N/A,14.000,25.00,37.38,0.300,5
3,3,Office cube periscope (Black),Black,Each,Carton,N/A,N/A,14,10,0,N/A,14.000,18.50,27.66,0.250,5
4,4,USB food flash drive - sushi roll,N/A,Each,Each,N/A,N/A,14,1,0,N/A,14.000,32.00,47.84,0.050,5
5,5,USB food flash drive - hamburger,N/A,Each,Each,N/A,N/A,14,1,0,N/A,14.000,32.00,47.84,0.050,5
6,6,USB food flash drive - hot dog,N/A,Each,Each,N/A,N/A,14,1,0,N/A,14.000,32.00,47.84,0.050,5
7,7,USB food flash drive - pizza slice,N/A,Each,Each,N/A,N/A,14,1,0,N/A,14.000,32.00,47.84,0.050,5
8,8,USB food flash drive - dim sum 10 drive variety pack,N/A,Packet,Packet,N/A,N/A,14,1,0,N/A,14.000,240.00,358.80,0.500,5
9,9,USB food flash drive - banana,N/A,Each,Each,N/A,N/A,14,1,0,N/A,14.000,32.00,47.84,0.050,5
10,10,USB food flash drive - chocolate bar,N/A,Each,Each,N/A,N/A,14,1,0,N/A,14.000,32.00,47.84,0.050,5
11,11,USB food flash drive - cookie,N/A,Each,Each,N/A,N/A,14,1,0,N/A,14.000,32.00,47.84,0.050,5
12,12,USB food flash drive - donut,N/A,Each,Each,N/A,N/A,14,1,0,N/A,14.000,32.00,47.84,0.050,5
13,13,USB food flash drive - shrimp cocktail,N/A,Each,Each,N/A,N/A,14,1,0,N/A,14.000,32.00,47.84,0.050,5
14,14,USB food flash drive - fortune cookie,N/A,Each,Each,N/A,N/A,14,1,0,N/A,14.000,32.00,47.84,0.050,5
15,15,USB food flash drive - dessert 10 drive variety pack,N/A,Packet,Packet,N/A,N/A,14,1,0,N/A,14.000,240.00,358.80,0.500,5
16,16,DBA joke mug - mind if I join you? (White),White,Each,Each,N/A,N/A,12,1,0,N/A,12.000,13.00,19.44,0.150,5
17,17,DBA joke mug - mind if I join you? (Black),Black,Each,Each,N/A,N/A,12,1,0,N/A,12.000,13.00,19.44,0.150,5
18,18,DBA joke mug - daaaaaa-ta (White),White,Each,Each,N/A,N/A,12,1,0,N/A,12.000,13.00,19.44,0.150,5
19,19,DBA joke mug - daaaaaa-ta (Black),Black,Each,Each,N/A,N/A,12,1,0,N/A,12.000,13.00,19.44,0.150,5
20,20,DBA joke mug - you might be a DBA if (White),White,Each,Each,N/A,N/A,12,1,0,N/A,12.000,13.00,19.44,0.150,5
21,21,DBA joke mug - you might be a DBA if (Black),Black,Each,Each,N/A,N/A,12,1,0,N/A,12.000,13.00,19.44,0.150,5
22,22,DBA joke mug - it depends (White),White,Each,Each,N/A,N/A,12,1,0,N/A,12.000,13.00,19.44,0.150,5
23,23,DBA joke mug - it depends (Black),Black,Each,Each,N/A,N/A,12,1,0,N/A,12.000,13.00,19.44,0.150,5
24,24,DBA joke mug - I will get you in order (White),White,Each,Each,N/A,N/A,12,1,0,N/A,12.000,13.00,19.44,0.150,5
25,25,DBA joke mug - I will get you in order (Black),Black,Each,Each,N/A,N/A,12,1,0,N/A,12.000,13.00,19.44,0.150,5
26,26,DBA joke mug - SELECT caffeine FROM mug (White),White,Each,Each,N/A,N/A,12,1,0,N/A,12.000,13.00,19.44,0.150,5
27,27,DBA joke mug - SELECT caffeine FROM mug (Black),Black,Each,Each,N/A,N/A,12,1,0,N/A,12.000,13.00,19.44,0.150,5
28,28,DBA joke mug - two types of DBAs (White),White,Each,Each,N/A,N/A,12,1,0,N/A,12.000,13.00,19.44,0.150,5
29,29,DBA joke mug - two types of DBAs (Black),Black,Each,Each,N/A,N/A,12,1,0,N/A,12.000,13.00,19.44,0.150,5
30,30,Developer joke mug - Oct 31 = Dec 25 (White),White,Each,Each,N/A,N/A,12,1,0,N/A,12.000,13.00,19.44,0.150,5
31,31,Developer joke mug - Oct 31 = Dec 25 (Black),Black,Each,Each,N/A,N/A,12,1,0,N/A,12.000,13.00,19.44,0.150,5
32,32,Developer joke mug - that's a hardware problem (White),White,Each,Each,N/A,N/A,12,1,0,N/A,12.000,13.00,19.44,0.150,5
33,33,Developer joke mug - that's a hardware problem (Black),Black,Each,Each,N/A,N/A,12,1,0,N/A,12.000,13.00,19.44,0.150,5
34,34,Developer joke mug - fun was unexpected at this time (White),White,Each,Each,N/A,N/A,12,1,0,N/A,12.000,13.00,19.44,0.150,5
35,35,Developer joke mug - fun was unexpected at this time (Black),Black,Each,Each,N/A,N/A,12,1,0,N/A,12.000,13.00,19.44,0.150,5
36,36,Developer joke mug - when your hammer is C++ (White),White,Each,Each,N/A,N/A,12,1,0,N/A,12.000,13.00,19.44,0.150,5
37,37,Developer joke mug - when your hammer is C++ (Black),Black,Each,Each,N/A,N/A,12,1,0,N/A,12.000,13.00,19.44,0.150,5
38,38,Developer joke mug - inheritance is the OO way to become wealthy (White),White,Each,Each,N/A,N/A,12,1,0,N/A,12.000,13.00,19.44,0.150,5
39,39,Developer joke mug - inheritance is the OO way to become wealthy (Black),Black,Each,Each,N/A,N/A,12,1,0,N/A,12.000,13.00,19.44,0.150,5
40,40,"Developer joke mug - (hip, hip, array) (White)",White,Each,Each,N/A,N/A,12,1,0,N/A,12.000,13.00,19.44,0.150,5
41,41,"Developer joke mug - (hip, hip, array) (Black)",Black,Each,Each,N/A,N/A,12,1,0,N/A,12.000,13.00,19.44,0.150,5
42,42,Developer joke mug - understanding recursion requires understanding recursion (White),White,Each,Each,N/A,N/A,12,1,0,N/A,12.000,13.00,19.44,0.150,5
43,43,Developer joke mug - understanding recursion requires understanding recursion (Black),Black,Each,Each,N/A,N/A,12,1,0,N/A,12.000,13.00,19.44,0.150,5
44,44,Developer joke mug - there are 10 types of people in the world (White),White,Each,Each,N/A,N/A,12,1,0,N/A,12.000,13.00,19.44,0.150,5
45,45,Developer joke mug - there are 10 types of people in the world (Black),Black,Each,Each,N/A,N/A,12,1,0,N/A,12.000,13.00,19.44,0.150,5
46,46,Developer joke mug - a foo walks into a bar (White),White,Each,Each,N/A,N/A,12,1,0,N/A,12.000,13.00,19.44,0.150,5
47,47,Developer joke mug - a foo walks into a bar (Black),Black,Each,Each,N/A,N/A,12,1,0,N/A,12.000,13.00,19.44,0.150,5
48,48,Developer joke mug - this code was generated by a tool (White),White,Each,Each,N/A,N/A,12,1,0,N/A,12.000,13.00,19.44,0.150,5
49,49,Developer joke mug - this code was generated by a tool (Black),Black,Each,Each,N/A,N/A,12,1,0,N/A,12.000,13.00,19.44,0.150,5
50,50,Developer joke mug - old C developers never die (White),White,Each,Each,N/A,N/A,12,1,0,N/A,12.000,13.00,19.44,0.150,5
51,51,Developer joke mug - old C developers never die (Black),Black,Each,Each,N/A,N/A,12,1,0,N/A,12.000,13.00,19.44,0.150,5
52,52,IT joke mug - keyboard not found … press F1 to continue (White),White,Each,Each,N/A,N/A,12,1,0,N/A,12.000,13.00,19.44,0.150,5
53,53,IT joke mug - keyboard not found … press F1 to continue (Black),Black,Each,Each,N/A,N/A,12,1,0,N/A,12.000,13.00,19.44,0.150,5
54,54,IT joke mug - that behavior is by design (White),White,Each,Each,N/A,N/A,12,1,0,N/A,12.000,13.00,19.44,0.150,5
55,55,IT joke mug - that behavior is by design (Black),Black,Each,Each,N/A,N/A,12,1,0,N/A,12.000,13.00,19.44,0.150,5
56,56,IT joke mug - hardware: part of the computer that can be kicked (White),White,Each,Each,N/A,N/A,12,1,0,N/A,12.000,13.00,19.44,0.150,5
57,57,IT joke mug - hardware: part of the computer that can be kicked (Black),Black,Each,Each,N/A,N/A,12,1,0,N/A,12.000,13.00,19.44,0.150,5
58,58,RC toy sedan car with remote control (Black) 1/50 scale,Black,Each,Each,Northwind,1/50 scale,14,1,0,N/A,14.000,25.00,37.38,1.500,5
59,59,RC toy sedan car with remote control (Red) 1/50 scale,Red,Each,Each,Northwind,1/50 scale,14,1,0,N/A,14.000,25.00,37.38,1.500,5
60,60,RC toy sedan car with remote control (Blue) 1/50 scale,Blue,Each,Each,Northwind,1/50 scale,14,1,0,N/A,14.000,25.00,37.38,1.500,5
61,61,RC toy sedan car with remote control (Green) 1/50 scale,N/A,Each,Each,Northwind,1/50 scale,14,1,0,N/A,14.000,25.00,37.38,1.500,5
62,62,RC toy sedan car with remote control (Yellow) 1/50 scale,Yellow,Each,Each,Northwind,1/50 scale,14,1,0,N/A,14.000,25.00,37.38,1.500,5
63,63,RC toy sedan car with remote control (Pink) 1/50 scale,N/A,Each,Each,Northwind,1/50 scale,14,1,0,N/A,14.000,25.00,37.38,1.500,5
64,64,RC vintage American toy coupe with remote control (Red) 1/50 scale,Red,Each,Each,Northwind,1/50 scale,14,1,0,N/A,14.000,30.00,44.85,1.700,5
65,65,RC vintage American toy coupe with remote control (Black) 1/50 scale,Black,Each,Each,Northwind,1/50 scale,14,1,0,N/A,14.000,30.00,44.85,1.700,5
66,66,RC big wheel monster truck with remote control (Black) 1/50 scale,Black,Each,Each,Northwind,1/50 scale,14,1,0,N/A,14.000,45.00,67.28,1.800,5
67,67,Ride on toy sedan car (Black) 1/12 scale,Black,Each,Each,Northwind,1/12 scale,14,1,0,N/A,14.000,230.00,343.85,15.000,5
68,68,Ride on toy sedan car (Red) 1/12 scale,Red,Each,Each,Northwind,1/12 scale,14,1,0,N/A,14.000,230.00,343.85,15.000,5
69,69,Ride on toy sedan car (Blue) 1/12 scale,Blue,Each,Each,Northwind,1/12 scale,14,1,0,N/A,14.000,230.00,343.85,15.000,5
70,70,Ride on toy sedan car (Green) 1/12 scale,N/A,Each,Each,Northwind,1/12 scale,14,1,0,N/A,14.000,230.00,343.85,15.000,5
71,71,Ride on toy sedan car (Yellow) 1/12 scale,Yellow,Each,Each,Northwind,1/12 scale,14,1,0,N/A,14.000,230.00,343.85,15.000,5
72,72,Ride on toy sedan car (Pink) 1/12 scale,N/A,Each,Each,Northwind,1/12 scale,14,1,0,N/A,14.000,230.00,343.85,15.000,5
73,73,Ride on vintage American toy coupe (Red) 1/12 scale,Red,Each,Each,Northwind,1/12 scale,14,1,0,N/A,14.000,285.00,426.08,18.000,5
74,74,Ride on vintage American toy coupe (Black) 1/12 scale,Black,Each,Each,Northwind,1/12 scale,14,1,0,N/A,14.000,285.00,426.08,18.000,5
75,75,Ride on big wheel monster truck (Black) 1/12 scale,Black,Each,Each,Northwind,1/12 scale,14,1,0,N/A,14.000,345.00,515.78,21.000,5
76,76,"""""""The Gu"""" red shirt XML tag t-shirt (White) 3XS""",White,Each,Carton,N/A,3XS,7,12,0,N/A,7.000,18.00,26.91,0.250,5
77,77,"""""""The Gu"""" red shirt XML tag t-shirt (White) XXS""",White,Each,Carton,N/A,XXS,7,12,0,N/A,7.000,18.00,26.91,0.250,5
78,78,"""""""The Gu"""" red shirt XML tag t-shirt (White) XS""",White,Each,Carton,N/A,XS,7,12,0,N/A,7.000,18.00,26.91,0.250,5
79,79,"""""""The Gu"""" red shirt XML tag t-shirt (White) S""",White,Each,Carton,N/A,S,7,12,0,N/A,7.000,18.00,26.91,0.300,5
80,80,"""""""The Gu"""" red shirt XML tag t-shirt (White) M""",White,Each,Carton,N/A,M,7,12,0,N/A,7.000,18.00,26.91,0.350,5
81,81,"""""""The Gu"""" red shirt XML tag t-shirt (White) L""",White,Each,Carton,N/A,L,7,12,0,N/A,7.000,18.00,26.91,0.350,5
82,82,"""""""The Gu"""" red shirt XML tag t-shirt (White) XL""",White,Each,Carton,N/A,XL,7,12,0,N/A,7.000,18.00,26.91,0.350,5
83,83,"""""""The Gu"""" red shirt XML tag t-shirt (White) XXL""",White,Each,Carton,N/A,XXL,7,12,0,N/A,7.000,18.00,26.91,0.400,5
84,84,"""""""The Gu"""" red shirt XML tag t-shirt (White) 3XL""",White,Each,Carton,N/A,3XL,7,12,0,N/A,7.000,18.00,26.91,0.400,5
85,85,"""""""The Gu"""" red shirt XML tag t-shirt (White) 4XL""",White,Each,Carton,N/A,4XL,7,12,0,N/A,7.000,18.00,26.91,0.400,5
86,86,"""""""The Gu"""" red shirt XML tag t-shirt (White) 5XL""",White,Each,Carton,N/A,5XL,7,12,0,N/A,7.000,18.00,26.91,0.400,5
87,87,"""""""The Gu"""" red shirt XML tag t-shirt (White) 6XL""",White,Each,Carton,N/A,6XL,7,12,0,N/A,7.000,18.00,26.91,0.400,5
88,88,"""""""The Gu"""" red shirt XML tag t-shirt (White) 7XL""",White,Each,Carton,N/A,7XL,7,12,0,N/A,7.000,18.00,26.91,0.450,5
89,89,"""""""The Gu"""" red shirt XML tag t-shirt (Black) 3XS""",Black,Each,Carton,N/A,3XS,7,12,0,N/A,7.000,18.00,26.91,0.250,5
90,90,"""""""The Gu"""" red shirt XML tag t-shirt (Black) XXS""",Black,Each,Carton,N/A,XXS,7,12,0,N/A,7.000,18.00,26.91,0.250,5
91,91,"""""""The Gu"""" red shirt XML tag t-shirt (Black) XS""",Black,Each,Carton,N/A,XS,7,12,0,N/A,7.000,18.00,26.91,0.250,5
92,92,"""""""The Gu"""" red shirt XML tag t-shirt (Black) S""",Black,Each,Carton,N/A,S,7,12,0,N/A,7.000,18.00,26.91,0.300,5
93,93,"""""""The Gu"""" red shirt XML tag t-shirt (Black) M""",Black,Each,Carton,N/A,M,7,12,0,N/A,7.000,18.00,26.91,0.350,5
94,94,"""""""The Gu"""" red shirt XML tag t-shirt (Black) L""",Black,Each,Carton,N/A,L,7,12,0,N/A,7.000,18.00,26.91,0.350,5
95,95,"""""""The Gu"""" red shirt XML tag t-shirt (Black) XL""",Black,Each,Carton,N/A,XL,7,12,0,N/A,7.000,18.00,26.91,0.350,5
96,96,"""""""The Gu"""" red shirt XML tag t-shirt (Black) XXL""",Black,Each,Carton,N/A,XXL,7,12,0,N/A,7.000,18.00,26.91,0.400,5
97,97,"""""""The Gu"""" red shirt XML tag t-shirt (Black) 3XL""",Black,Each,Carton,N/A,3XL,7,12,0,N/A,7.000,18.00,26.91,0.400,5
98,98,"""""""The Gu"""" red shirt XML tag t-shirt (Black) 4XL""",Black,Each,Carton,N/A,4XL,7,12,0,N/A,7.000,18.00,26.91,0.400,5
99,99,"""""""The Gu"""" red shirt XML tag t-shirt (Black) 5XL""",Black,Each,Carton,N/A,5XL,7,12,0,N/A,7.000,18.00,26.91,0.400,5
100,100,"""""""The Gu"""" red shirt XML tag t-shirt (Black) 6XL""",Black,Each,Carton,N/A,6XL,7,12,0,N/A,7.000,18.00,26.91,0.400,5
101,101,"""""""The Gu"""" red shirt XML tag t-shirt (Black) 7XL""",Black,Each,Carton,N/A,7XL,7,12,0,N/A,7.000,18.00,26.91,0.450,5
102,102,Alien officer hoodie (Black) XL,Black,Each,Each,N/A,XL,12,1,0,N/A,12.000,35.00,52.33,0.400,5
103,103,Alien officer hoodie (Black) XXL,Black,Each,Each,N/A,XXL,12,1,0,N/A,12.000,35.00,52.33,0.400,5
104,104,Alien officer hoodie (Black) 3XL,Black,Each,Each,N/A,3XL,12,1,0,N/A,12.000,35.00,52.33,0.400,5
105,105,Alien officer hoodie (Black) 4XL,Black,Each,Each,N/A,4XL,12,1,0,N/A,12.000,35.00,52.33,0.400,5
106,106,Alien officer hoodie (Black) 5XL,Black,Each,Each,N/A,5XL,12,1,0,N/A,12.000,35.00,52.33,0.400,5
107,107,Superhero action jacket (Blue) 3XS,Blue,Each,Each,N/A,3XS,12,1,0,N/A,12.000,25.00,37.38,0.300,5
108,108,Superhero action jacket (Blue) XXS,Blue,Each,Each,N/A,XXS,12,1,0,N/A,12.000,25.00,37.38,0.300,5
109,109,Superhero action jacket (Blue) XS,Blue,Each,Each,N/A,XS,12,1,0,N/A,12.000,25.00,37.38,0.300,5
110,110,Superhero action jacket (Blue) S,Blue,Each,Each,N/A,S,12,1,0,N/A,12.000,25.00,37.38,0.300,5
111,111,Superhero action jacket (Blue) M,Blue,Each,Each,N/A,M,12,1,0,N/A,12.000,30.00,44.85,0.350,5
112,112,Superhero action jacket (Blue) L,Blue,Each,Each,N/A,L,12,1,0,N/A,12.000,30.00,44.85,0.350,5
113,113,Superhero action jacket (Blue) XL,Blue,Each,Each,N/A,XL,12,1,0,N/A,12.000,30.00,44.85,0.350,5
114,114,Superhero action jacket (Blue) XXL,Blue,Each,Each,N/A,XXL,12,1,0,N/A,12.000,30.00,44.85,0.350,5
115,115,Superhero action jacket (Blue) 3XL,Blue,Each,Each,N/A,3XL,12,1,0,N/A,12.000,34.00,50.83,0.400,5
116,116,Superhero action jacket (Blue) 4XL,Blue,Each,Each,N/A,4XL,12,1,0,N/A,12.000,34.00,50.83,0.400,5
117,117,Superhero action jacket (Blue) 5XL,Blue,Each,Each,N/A,5XL,12,1,0,N/A,12.000,34.00,50.83,0.400,5
118,118,Dinosaur battery-powered slippers (Green) S,N/A,Each,Each,N/A,S,12,1,0,N/A,12.000,32.00,47.84,0.350,5
119,119,Dinosaur battery-powered slippers (Green) M,N/A,Each,Each,N/A,M,12,1,0,N/A,12.000,32.00,47.84,0.350,5
120,120,Dinosaur battery-powered slippers (Green) L,N/A,Each,Each,N/A,L,12,1,0,N/A,12.000,32.00,47.84,0.350,5
121,121,Dinosaur battery-powered slippers (Green) XL,N/A,Each,Each,N/A,XL,12,1,0,N/A,12.000,32.00,47.84,0.400,5
122,122,Ogre battery-powered slippers (Green) S,N/A,Each,Each,N/A,S,12,1,0,N/A,12.000,32.00,47.84,0.350,5
123,123,Ogre battery-powered slippers (Green) M,N/A,Each,Each,N/A,M,12,1,0,N/A,12.000,32.00,47.84,0.350,5
124,124,Ogre battery-powered slippers (Green) L,N/A,Each,Each,N/A,L,12,1,0,N/A,12.000,32.00,47.84,0.350,5
125,125,Ogre battery-powered slippers (Green) XL,N/A,Each,Each,N/A,XL,12,1,0,N/A,12.000,32.00,47.84,0.400,5
126,126,Plush shark slippers (Gray) S,Gray,Each,Each,N/A,S,12,1,0,N/A,12.000,32.00,47.84,0.350,5
127,127,Plush shark slippers (Gray) M,Gray,Each,Each,N/A,M,12,1,0,N/A,12.000,32.00,47.84,0.350,5
128,128,Plush shark slippers (Gray) L,Gray,Each,Each,N/A,L,12,1,0,N/A,12.000,32.00,47.84,0.350,5
129,129,Plush shark slippers (Gray) XL,Gray,Each,Each,N/A,XL,12,1,0,N/A,12.000,32.00,47.84,0.400,5
130,130,Furry gorilla with big eyes slippers (Black) S,Black,Each,Each,N/A,S,12,1,0,N/A,12.000,32.00,47.84,0.350,5
131,131,Furry gorilla with big eyes slippers (Black) M,Black,Each,Each,N/A,M,12,1,0,N/A,12.000,32.00,47.84,0.350,5
132,132,Furry gorilla with big eyes slippers (Black) L,Black,Each,Each,N/A,L,12,1,0,N/A,12.000,32.00,47.84,0.350,5
133,133,Furry gorilla with big eyes slippers (Black) XL,Black,Each,Each,N/A,XL,12,1,0,N/A,12.000,32.00,47.84,0.400,5
134,134,Animal with big feet slippers (Brown) S,N/A,Each,Each,N/A,S,12,1,0,N/A,12.000,32.00,47.84,0.350,5
135,135,Animal with big feet slippers (Brown) M,N/A,Each,Each,N/A,M,12,1,0,N/A,12.000,32.00,47.84,0.350,5
136,136,Animal with big feet slippers (Brown) L,N/A,Each,Each,N/A,L,12,1,0,N/A,12.000,32.00,47.84,0.350,5
137,137,Animal with big feet slippers (Brown) XL,N/A,Each,Each,N/A,XL,12,1,0,N/A,12.000,32.00,47.84,0.400,5
138,138,Furry animal socks (Pink) S,N/A,Pair,Packet,N/A,S,12,12,0,N/A,12.000,5.00,7.48,0.100,5
139,139,Furry animal socks (Pink) M,N/A,Pair,Packet,N/A,M,12,12,0,N/A,12.000,5.00,7.48,0.100,5
140,140,Furry animal socks (Pink) L,N/A,Pair,Packet,N/A,L,12,12,0,N/A,12.000,5.00,7.48,0.100,5
141,141,Furry animal socks (Pink) XL,N/A,Pair,Packet,N/A,XL,12,12,0,N/A,12.000,5.00,7.48,0.100,5
142,142,Halloween zombie mask (Light Brown) S,Light Brown,Each,Carton,N/A,S,12,12,0,N/A,12.000,18.00,26.91,0.300,5
143,143,Halloween zombie mask (Light Brown) M,Light Brown,Each,Carton,N/A,M,12,12,0,N/A,12.000,18.00,26.91,0.300,5
144,144,Halloween zombie mask (Light Brown) L,Light Brown,Each,Carton,N/A,L,12,12,0,N/A,12.000,18.00,26.91,0.300,5
145,145,Halloween zombie mask (Light Brown) XL,Light Brown,Each,Carton,N/A,XL,12,12,0,N/A,12.000,18.00,26.91,0.300,5
146,146,Halloween skull mask (Gray) S,Gray,Each,Carton,N/A,S,12,12,0,N/A,12.000,18.00,26.91,0.300,5
147,147,Halloween skull mask (Gray) M,Gray,Each,Carton,N/A,M,12,12,0,N/A,12.000,18.00,26.91,0.300,5
148,148,Halloween skull mask (Gray) L,Gray,Each,Carton,N/A,L,12,12,0,N/A,12.000,18.00,26.91,0.300,5
149,149,Halloween skull mask (Gray) XL,Gray,Each,Carton,N/A,XL,12,12,0,N/A,12.000,18.00,26.91,0.300,5
150,150,Pack of 12 action figures (variety),N/A,Packet,Packet,N/A,N/A,2,1,0,N/A,2.000,16.00,23.92,0.250,5
151,151,Pack of 12 action figures (male),N/A,Packet,Packet,N/A,N/A,2,1,0,N/A,2.000,16.00,23.92,0.250,5
152,152,Pack of 12 action figures (female),N/A,Packet,Packet,N/A,N/A,2,1,0,N/A,2.000,16.00,23.92,0.250,5
153,153,Small sized bubblewrap roll 10m,N/A,Each,Each,N/A,10m,14,10,0,N/A,14.000,4.50,6.73,5.000,5
154,154,Medium sized bubblewrap roll 20m,N/A,Each,Each,N/A,20m,14,10,0,N/A,14.000,20.00,29.90,6.000,5
155,155,Large sized bubblewrap roll 50m,N/A,Each,Each,N/A,50m,14,10,0,N/A,14.000,24.00,35.88,10.000,5
156,156,10 mm Double sided bubble wrap 10m,N/A,Each,Each,N/A,10m,14,10,0,N/A,14.000,15.00,22.43,5.000,5
157,157,10 mm Double sided bubble wrap 20m,N/A,Each,Each,N/A,20m,14,10,0,N/A,14.000,30.00,44.85,6.000,5
158,158,10 mm Double sided bubble wrap 50m,N/A,Each,Each,N/A,50m,14,10,0,N/A,14.000,105.00,156.98,10.000,5
159,159,20 mm Double sided bubble wrap 10m,N/A,Each,Each,N/A,10m,14,10,0,N/A,14.000,18.00,26.91,5.000,5
160,160,20 mm Double sided bubble wrap 20m,N/A,Each,Each,N/A,20m,14,10,0,N/A,14.000,33.00,49.34,6.000,5
161,161,20 mm Double sided bubble wrap 50m,N/A,Each,Each,N/A,50m,14,10,0,N/A,14.000,108.00,161.46,10.000,5
162,162,32 mm Double sided bubble wrap 10m,N/A,Each,Each,N/A,10m,14,10,0,N/A,14.000,22.00,32.89,5.000,5
163,163,32 mm Double sided bubble wrap 20m,N/A,Each,Each,N/A,20m,14,10,0,N/A,14.000,37.00,55.32,6.000,5
164,164,32 mm Double sided bubble wrap 50m,N/A,Each,Each,N/A,50m,14,10,0,N/A,14.000,112.00,167.44,10.000,5
165,165,10 mm Anti static bubble wrap (Blue) 10m,Blue,Each,Each,N/A,10m,14,10,0,N/A,14.000,26.00,38.87,5.000,5
166,166,10 mm Anti static bubble wrap (Blue) 20m,Blue,Each,Each,N/A,20m,14,10,0,N/A,14.000,42.00,62.79,6.000,5
167,167,10 mm Anti static bubble wrap (Blue) 50m,Blue,Each,Each,N/A,50m,14,10,0,N/A,14.000,99.00,148.01,10.000,5
168,168,20 mm Anti static bubble wrap (Blue) 10m,Blue,Each,Each,N/A,10m,14,10,0,N/A,14.000,29.00,43.36,5.000,5
169,169,20 mm Anti static bubble wrap (Blue) 20m,Blue,Each,Each,N/A,20m,14,10,0,N/A,14.000,45.00,67.28,6.000,5
170,170,20 mm Anti static bubble wrap (Blue) 50m,Blue,Each,Each,N/A,50m,14,10,0,N/A,14.000,102.00,152.49,10.000,5
171,171,32 mm Anti static bubble wrap (Blue) 10m,Blue,Each,Each,N/A,10m,14,10,0,N/A,14.000,32.00,47.84,5.000,5
172,172,32 mm Anti static bubble wrap (Blue) 20m,Blue,Each,Each,N/A,20m,14,10,0,N/A,14.000,48.00,71.76,6.000,5
173,173,32 mm Anti static bubble wrap (Blue) 50m,Blue,Each,Each,N/A,50m,14,10,0,N/A,14.000,105.00,156.98,10.000,5
174,174,Bubblewrap dispenser (Black) 1.5m,Black,Each,Each,N/A,1.5m,14,1,0,N/A,14.000,240.00,358.80,10.000,5
175,175,Bubblewrap dispenser (Blue) 1.5m,Blue,Each,Each,N/A,1.5m,14,1,0,N/A,14.000,240.00,358.80,10.000,5
176,176,Bubblewrap dispenser (Red) 1.5m,Red,Each,Each,N/A,1.5m,14,1,0,N/A,14.000,240.00,358.80,10.000,5
177,177,Shipping carton (Brown) 413x285x187mm,N/A,Each,Each,N/A,413x285x187mm,14,25,0,N/A,14.000,1.05,1.57,0.300,5
178,178,Shipping carton (Brown) 500x310x310mm,N/A,Each,Each,N/A,500x310x310mm,14,25,0,N/A,14.000,2.55,3.81,0.400,5
179,179,Shipping carton (Brown) 229x229x229mm,N/A,Each,Each,N/A,229x229x229mm,14,25,0,N/A,14.000,1.05,1.57,0.300,5
180,180,Shipping carton (Brown) 279x254x217mm,N/A,Each,Each,N/A,279x254x217mm,14,25,0,N/A,14.000,1.11,1.66,0.300,5
181,181,Shipping carton (Brown) 356x229x229mm,N/A,Each,Each,N/A,356x229x229mm,14,25,0,N/A,14.000,1.14,1.70,0.400,5
182,182,Shipping carton (Brown) 457x279x279mm,N/A,Each,Each,N/A,457x279x279mm,14,25,0,N/A,14.000,1.28,1.91,0.400,5
183,183,Shipping carton (Brown) 480x270x320mm,N/A,Each,Each,N/A,480x270x320mm,14,25,0,N/A,14.000,2.74,4.10,0.400,5
184,184,Shipping carton (Brown) 305x305x305mm,N/A,Each,Each,N/A,305x305x305mm,14,25,0,N/A,14.000,3.50,5.23,0.300,5
185,185,Shipping carton (Brown) 356x356x279mm,N/A,Each,Each,N/A,356x356x279mm,14,25,0,N/A,14.000,2.04,3.05,0.300,5
186,186,Shipping carton (Brown) 457x457x457mm,N/A,Each,Each,N/A,457x457x457mm,14,25,0,N/A,14.000,2.10,3.14,0.400,5
187,187,Express post box 5kg (White) 350x280x130mm,N/A,Each,Each,N/A,350x280x130mm,14,25,0,N/A,14.000,0.95,1.42,0.200,5
188,188,3 kg Courier post bag (White) 300x190x95mm,N/A,Each,Each,N/A,300x190x95mm,14,25,0,N/A,14.000,0.66,0.99,0.100,5
189,189,Clear packaging tape 48mmx75m,N/A,Each,Each,N/A,48mmx75m,14,26,0,N/A,14.000,2.90,4.34,0.500,5
190,190,Clear packaging tape 48mmx100m,N/A,Each,Each,N/A,48mmx100m,14,20,0,N/A,14.000,3.50,5.23,0.700,5
191,191,Black and orange fragile despatch tape 48mmx75m,N/A,Each,Each,N/A,48mmx75m,14,36,0,N/A,14.000,3.70,5.53,0.500,5
192,192,Black and orange fragile despatch tape 48mmx100m,N/A,Each,Each,N/A,48mmx100m,14,36,0,N/A,14.000,4.10,6.13,0.700,5
193,193,Black and orange glass with care despatch tape 48mmx75m,N/A,Each,Each,N/A,48mmx75m,14,24,0,N/A,14.000,3.70,5.53,0.500,5
194,194,Black and orange glass with care despatch tape  48mmx100m,N/A,Each,Each,N/A,48mmx100m,14,24,0,N/A,14.000,4.10,6.13,0.700,5
195,195,Black and orange handle with care despatch tape  48mmx75m,N/A,Each,Each,N/A,48mmx75m,14,24,0,N/A,14.000,3.70,5.53,0.500,5
196,196,Black and orange handle with care despatch tape  48mmx100m,N/A,Each,Each,N/A,48mmx100m,14,24,0,N/A,14.000,4.10,6.13,0.700,5
197,197,Black and orange this way up despatch tape 48mmx75m,N/A,Each,Each,N/A,48mmx75m,14,24,0,N/A,14.000,3.70,5.53,0.500,5
198,198,Black and orange this way up despatch tape  48mmx100m,N/A,Each,Each,N/A,48mmx100m,14,24,0,N/A,14.000,4.10,6.13,0.700,5
199,199,Black and yellow heavy despatch tape  48mmx75m,N/A,Each,Each,N/A,48mmx75m,14,24,0,N/A,14.000,3.70,5.53,0.500,5
200,200,Black and yellow heavy despatch tape 48mmx100m,N/A,Each,Each,N/A,48mmx100m,14,24,0,N/A,14.000,4.10,6.13,0.700,5
201,201,Red and white urgent despatch tape 48mmx75m,N/A,Each,Each,N/A,48mmx75m,14,24,0,N/A,14.000,3.70,5.53,0.500,5
202,202,Red and white urgent  heavy despatch tape  48mmx100m,N/A,Each,Each,N/A,48mmx100m,14,24,0,N/A,14.000,4.10,6.13,0.700,5
203,203,Tape dispenser (Black),N/A,Each,Each,N/A,N/A,20,10,0,N/A,20.000,32.00,47.84,1.000,5
204,204,Tape dispenser (Red),N/A,Each,Each,N/A,N/A,20,10,0,N/A,20.000,32.00,47.84,1.000,5
205,205,Tape dispenser (Blue),N/A,Each,Each,N/A,N/A,20,10,0,N/A,20.000,32.00,47.84,1.000,5
206,206,Permanent marker black 5mm nib (Black) 5mm,N/A,Each,Each,N/A,5mm,14,12,0,N/A,14.000,2.70,4.04,0.100,5
207,207,Permanent marker blue 5mm nib (Blue) 5mm,N/A,Each,Each,N/A,5mm,14,12,0,N/A,14.000,2.70,4.04,0.100,5
208,208,Permanent marker red 5mm nib (Red) 5mm,N/A,Each,Each,N/A,5mm,14,12,0,N/A,14.000,2.70,4.04,0.100,5
209,209,Packing knife with metal insert blade (Yellow) 9mm,N/A,Each,Each,N/A,9mm,14,5,0,N/A,14.000,1.89,2.83,0.500,5
210,210,Packing knife with metal insert blade (Yellow) 18mm,N/A,Each,Each,N/A,18mm,14,5,0,N/A,14.000,2.40,3.59,0.500,5
211,211,Small 9mm replacement blades 9mm,N/A,Each,Each,N/A,9mm,14,10,0,N/A,14.000,4.10,6.13,0.700,5
212,212,Large  replacement blades 18mm,N/A,Each,Each,N/A,18mm,14,10,0,N/A,14.000,4.30,6.43,0.800,5
213,213,Air cushion film 200mmx100mm 325m,N/A,Each,Each,N/A,325m,14,1,0,N/A,14.000,87.00,130.07,5.000,5
214,214,Air cushion film 200mmx200mm 325m,N/A,Each,Each,N/A,325m,14,1,0,N/A,14.000,90.00,134.55,6.000,5
215,215,Air cushion machine (Blue),N/A,Each,Each,N/A,N/A,20,1,0,N/A,20.000,1899.00,2839.01,10.000,5
216,216,Void fill 100 L bag (White) 100L,N/A,Each,Each,N/A,100L,14,10,0,N/A,14.000,12.50,18.69,0.250,5
217,217,Void fill 200 L bag (White) 200L,N/A,Each,Each,N/A,200L,14,10,0,N/A,14.000,25.00,37.38,0.500,5
218,218,Void fill 300 L bag (White) 300L,N/A,Each,Each,N/A,300L,14,10,0,N/A,14.000,37.50,56.06,0.750,5
219,219,Void fill 400 L bag (White) 400L,N/A,Each,Each,N/A,400L,14,10,0,N/A,14.000,50.00,74.75,1.000,5
220,220,Novelty chilli chocolates 250g,N/A,Bag,Carton,N/A,250g,3,24,1,8302039293929,3.000,8.55,12.23,0.250,5
221,221,Novelty chilli chocolates 500g,N/A,Bag,Carton,N/A,500g,3,12,1,8302039293647,3.000,14.50,20.74,0.500,5
222,222,Chocolate beetles 250g,N/A,Bag,Carton,N/A,250g,3,24,1,8792838293820,3.000,8.55,12.23,0.250,5
223,223,Chocolate echidnas 250g,N/A,Bag,Carton,N/A,250g,3,24,1,8792838293728,3.000,8.55,12.23,0.250,5
224,224,Chocolate frogs 250g,N/A,Bag,Carton,N/A,250g,3,24,1,8792838293987,3.000,8.55,12.23,0.250,5
225,225,Chocolate sharks 250g,N/A,Bag,Carton,N/A,250g,3,24,1,8792838293234,3.000,8.55,12.23,0.250,5
226,226,White chocolate snow balls 250g,N/A,Bag,Carton,N/A,250g,3,24,1,8792838293236,3.000,8.55,12.23,0.250,5
227,227,White chocolate moon rocks 250g,N/A,Bag,Carton,N/A,250g,3,24,1,8792838293289,3.000,8.55,12.23,0.250,5
228,228,White chocolate moon rocks 2kg,N/A,Bag,Carton,N/A,2kg,3,12,1,8792838293290,3.000,50.99,60.99,2.000,5
